create extension if not exists pgdec128;
CREATE EXTENSION
create temp table t (a dec128(20, 2), b dec128(10,4));
CREATE TABLE
insert into t values ('12.30','345.6789'), ('2.55','2.1234'), ('123456789012345678.59','3.45'), ('-12345678901234567.33', '1.3'), 
('10.03', '10.0300'), (NULL, '3.45'), (NULL, NULL), ('2.34', NULL);
INSERT 0 8
select sum(a) as sum, avg(a) as avg, min(a) as min, max(a) as max from t;
          sum          |          avg           |          min          |          max          
-----------------------+------------------------+-----------------------+-----------------------
 111111110111111138.48 | 18518518351851856.4133 | -12345678901234567.33 | 123456789012345678.59
(1 row)

select a, b, -a as um, +a as up, a+b as plus, a-b as minus, a*b as mul, a/b as div, a%b as mod from t;
           a           |    b     |           um           |          up           |         plus          |         minus         |           mul           |          div           |   mod   
-----------------------+----------+------------------------+-----------------------+-----------------------+-----------------------+-------------------------+------------------------+---------
 12.30                 | 345.6789 | -12.30                 | 12.30                 | 357.9789              | -333.3789             | 4251.850470             | 0.035582               | 12.3000
 2.55                  | 2.1234   | -2.55                  | 2.55                  | 4.6734                | 0.4266                | 5.414670                | 1.2009                 | 0.4266
 123456789012345678.59 | 3.45     | -123456789012345678.59 | 123456789012345678.59 | 123456789012345682.04 | 123456789012345675.14 | 425925922092592591.1355 | 35784576525317587.9971 | 3.44
 -12345678901234567.33 | 1.3      | 12345678901234567.33   | -12345678901234567.33 | -12345678901234566.03 | -12345678901234568.63 | -16049382571604937.529  | -9496676077872744.1000 | -0.13
 10.03                 | 10.0300  | -10.03                 | 10.03                 | 20.0600               | 0.0000                | 100.600900              | 1.00000                | 0.0000
                       | 3.45     |                        |                       |                       |                       |                         |                        | 
                       |          |                        |                       |                       |                       |                         |                        | 
 2.34                  |          | -2.34                  | 2.34                  |                       |                       |                         |                        | 
(8 rows)

select a, b, a=b as eq, a<>b as ne, a>b as gt, a<b as lt, a>=b as ge, a<=b as le from t;
           a           |    b     | eq | ne | gt | lt | ge | le 
-----------------------+----------+----+----+----+----+----+----
 12.30                 | 345.6789 | f  | t  | f  | t  | f  | t
 2.55                  | 2.1234   | f  | t  | t  | f  | t  | f
 123456789012345678.59 | 3.45     | f  | t  | t  | f  | t  | f
 -12345678901234567.33 | 1.3      | f  | t  | f  | t  | f  | t
 10.03                 | 10.0300  | t  | f  | f  | f  | t  | t
                       | 3.45     |    |    |    |    |    | 
                       |          |    |    |    |    |    | 
 2.34                  |          |    |    |    |    |    | 
(8 rows)

select cast('12'::int as dec128(10,2));
 dec128 
--------
 12.00
(1 row)

select cast('12'::bigint as dec128(10,2));
 dec128 
--------
 12.00
(1 row)

select cast('12.23'::real as dec128(10,4));
 dec128  
---------
 12.2300
(1 row)

select cast('12.2334'::double precision as dec128(10,7));
   dec128   
------------
 12.2334000
(1 row)

select cast(12.23456 as dec128(10, 5));
  dec128  
----------
 12.23456
(1 row)

select cast(12.23456 as dec128(6, 5));
psql:test.sql:19: ERROR:  value overflows in dec128 format. precision 7 > 6
select cast(12.23456 as dec128(10, 2));
psql:test.sql:20: ERROR:  value overflows in dec128 format. scale 5 > 2
select 128::dec128(5) & 18::dec128(5);
 ?column? 
----------
 0
(1 row)

select 128::dec128(5) | 18::dec128(5);
 ?column? 
----------
 146
(1 row)

select 128::dec128(5) >> 1;
 ?column? 
----------
 64
(1 row)

select 128::dec128(5) << 2;
 ?column? 
----------
 512
(1 row)

select dec128ceil(128.1234::dec128(8,4));
 dec128ceil 
------------
 129.0000
(1 row)

select dec128abs(128.1234::dec128(8,4));
 dec128abs 
-----------
 128.1234
(1 row)

select dec128abs(-128.1234::dec128(8,4));
 dec128abs 
-----------
 128.1234
(1 row)

copy t to '/tmp/test.bin' (format binary);
COPY 8
drop table t;
DROP TABLE
create temp table t (a dec128(20, 2), b dec128(10,4));
CREATE TABLE
copy t from '/tmp/test.bin' (format binary);
COPY 8
select * from t;
           a           |    b     
-----------------------+----------
 12.30                 | 345.6789
 2.55                  | 2.1234
 123456789012345678.59 | 3.45
 -12345678901234567.33 | 1.3
 10.03                 | 10.0300
                       | 3.45
                       | 
 2.34                  | 
(8 rows)

drop table t;
DROP TABLE
create temp table err (a dec128(20, 2), b dec128(10,4));
CREATE TABLE
insert into err values ('12.30','0');
INSERT 0 1
select a, b, a/b as div from err;
psql:test.sql:44: ERROR:  division by zero
select a, b, a%b as mod from err;
psql:test.sql:45: ERROR:  division by zero
drop table err;
DROP TABLE
create temp table err (a dec128(20, 2), b dec128(20,4));
CREATE TABLE
insert into err values ('123456789012345678.59','12345678901234567.45');
INSERT 0 1
select a, b, a*b from err;
psql:test.sql:51: ERROR:  value overflows in dec128 format. precision 40 > 38
drop table err;
DROP TABLE
create temp table t (a dec128(20, 2), b dec128(10,4));
CREATE TABLE
insert into t values (12.30,345.6789), (2.55,2.1234), (123456789012345678.59,3.45), (-12345678901234567.33, 1.3),
(10.03, 10.0300), (NULL, 3.45), (NULL, NULL), (2.34, NULL);
INSERT 0 8
select sum(a) as sum, avg(a) as avg, min(a) as min, max(a) as max from t;
          sum          |          avg           |          min          |          max          
-----------------------+------------------------+-----------------------+-----------------------
 111111110111111138.48 | 18518518351851856.4133 | -12345678901234567.33 | 123456789012345678.59
(1 row)

select a, b, -a as um, +a as up, a+b as plus, a-b as minus, a*b as mul, a/b as div, a%b as mod from t;
           a           |    b     |           um           |          up           |         plus          |         minus         |           mul           |          div           |   mod   
-----------------------+----------+------------------------+-----------------------+-----------------------+-----------------------+-------------------------+------------------------+---------
 12.3                  | 345.6789 | -12.3                  | 12.3                  | 357.9789              | -333.3789             | 4251.85047              | 0.03558                | 12.3000
 2.55                  | 2.1234   | -2.55                  | 2.55                  | 4.6734                | 0.4266                | 5.414670                | 1.2009                 | 0.4266
 123456789012345678.59 | 3.45     | -123456789012345678.59 | 123456789012345678.59 | 123456789012345682.04 | 123456789012345675.14 | 425925922092592591.1355 | 35784576525317587.9971 | 3.44
 -12345678901234567.33 | 1.3      | 12345678901234567.33   | -12345678901234567.33 | -12345678901234566.03 | -12345678901234568.63 | -16049382571604937.529  | -9496676077872744.1000 | -0.13
 10.03                 | 10.03    | -10.03                 | 10.03                 | 20.06                 | 0.00                  | 100.6009                | 1.00000                | 0.00
                       | 3.45     |                        |                       |                       |                       |                         |                        | 
                       |          |                        |                       |                       |                       |                         |                        | 
 2.34                  |          | -2.34                  | 2.34                  |                       |                       |                         |                        | 
(8 rows)

select a, b, a=b as eq, a<>b as ne, a>b as gt, a<b as lt, a>=b as ge, a<=b as le from t;
           a           |    b     | eq | ne | gt | lt | ge | le 
-----------------------+----------+----+----+----+----+----+----
 12.3                  | 345.6789 | f  | t  | f  | t  | f  | t
 2.55                  | 2.1234   | f  | t  | t  | f  | t  | f
 123456789012345678.59 | 3.45     | f  | t  | t  | f  | t  | f
 -12345678901234567.33 | 1.3      | f  | t  | f  | t  | f  | t
 10.03                 | 10.03    | t  | f  | f  | f  | t  | t
                       | 3.45     |    |    |    |    |    | 
                       |          |    |    |    |    |    | 
 2.34                  |          |    |    |    |    |    | 
(8 rows)

drop table t;
DROP TABLE
drop extension pgdec128 cascade;
DROP EXTENSION
